Wall time,Step,Value
1757736317.1100345,6000000,-171.75631713867188
1757736387.5125432,22800000,-96.75550079345703
1757736495.4062188,49200000,-69.42235565185547
1757736529.8729625,57600000,-66.5188980102539
1757736534.807663,58800000,-67.1698989868164
1757736603.758278,75600000,-62.170372009277344
1757736608.6814861,76800000,-62.64203643798828
1757736628.4118295,81600000,-60.977516174316406
1757736648.102037,86400000,-60.06338882446289
1757736677.7053316,93600000,-59.99656295776367
1757736702.2964916,99600000,-59.88705062866211
1757736736.8250725,108000000,-54.78969955444336
1757736786.3319402,120000000,-51.15401077270508
1757736806.2314777,124800000,-50.64210891723633
1757736825.9853194,129600000,-54.39543533325195
1757736895.3497303,146400000,-44.30530548095703
1757736931.239837,154800000,-38.2438850402832
1757736941.4449754,157200000,-37.583343505859375
1757737013.5116155,174000000,-29.584293365478516
1757737029.0607283,177600000,-27.339553833007812
1757737081.8222997,189600000,-25.172531127929688
1757737097.3576503,193200000,-24.550161361694336
1757737107.6768565,195600000,-23.451826095581055
1757737118.147404,198000000,-23.142921447753906
1757737159.595289,207600000,-20.29509925842285
1757737257.9887755,230400000,-11.681112289428711
1757737323.405055,244800000,-7.009842872619629
1757737334.687668,247200000,-6.64369010925293
1757737380.6282613,256800000,-5.939255714416504
1757737476.675748,276000000,-4.838155746459961
1757737566.1348712,294000000,-4.086519241333008
1757737572.0876293,295200000,-4.01737117767334
1757737650.9294775,310800000,-3.658668279647827
1757737656.8752468,312000000,-3.6557583808898926
1757737729.6916611,326400000,-3.4491987228393555
1757737747.716549,330000000,-3.407733678817749
1757737796.4445665,339600000,-3.3427093029022217
1757737815.1119914,343200000,-3.2771902084350586
1757737877.3395095,355200000,-3.174943685531616
1757738006.914042,380400000,-2.996595621109009
1757738025.477503,384000000,-2.97123646736145
1757738044.1209745,387600000,-2.9215762615203857
1757738192.8409147,416400000,-2.7478671073913574
1757738267.4950387,430800000,-2.7075626850128174
1757738304.9363081,438000000,-2.686641216278076
1757738317.4226825,440400000,-2.6332900524139404
1757738392.3890707,454800000,-2.6477036476135254
1757738442.536966,464400000,-2.6229281425476074
1757738467.659329,469200000,-2.603701591491699
1757738480.2830203,471600000,-2.640509843826294
1757738543.0946398,483600000,-2.59370493888855
1757738555.7203896,486000000,-2.601189613342285
1757738625.423159,499200000,-2.5789577960968018
1757738670.4929018,507600000,-2.583569049835205
1757738759.9213068,524400000,-2.5408895015716553
1757738766.2597358,525600000,-2.534708261489868
1757738778.8157678,528000000,-2.5385043621063232
1757738823.0495634,536400000,-2.435692548751831
1757738919.7904246,554400000,-2.4781105518341064
1757738945.1451592,559200000,-2.3610970973968506
1757739002.1976328,570000000,-2.3980326652526855
1757739008.4826758,571200000,-2.347099542617798
1757739040.1632824,577200000,-2.2961442470550537
1757739046.5043304,578400000,-2.3011834621429443
1757739084.6913383,585600000,-2.2354536056518555
1757739230.9136894,613200000,-2.0658509731292725
1757739243.6669502,615600000,-2.0245752334594727
1757739250.0461,616800000,-2.0197527408599854
1757739256.3911126,618000000,-2.01928448677063
1757739275.5238082,621600000,-2.0095086097717285
1757739288.244647,624000000,-1.9912736415863037
1757739377.7681074,640800000,-1.7971562147140503
1757739384.1817403,642000000,-1.801211953163147
1757739396.9698348,644400000,-1.7564170360565186
1757739409.7645464,646800000,-1.7765400409698486
1757739422.6026497,649200000,-1.7650952339172363
1757739461.0665526,656400000,-1.6592329740524292
1757739499.5971217,663600000,-1.5716296434402466
1757739525.2587757,668400000,-1.6133562326431274
1757739563.8424,675600000,-1.4855419397354126
1757739576.7470446,678000000,-1.3951436281204224
1757739602.4734652,682800000,-1.3000556230545044
1757739744.397311,709200000,-0.7529831528663635
1757739770.1374547,714000000,-0.6267745494842529
1757739783.0208244,716400000,-0.5950154662132263
1757739898.3597555,738000000,0.4219226837158203
1757739955.3602464,748800000,1.2423646450042725
1757739986.9300592,754800000,1.7451965808868408
1757739993.1946583,756000000,1.8827011585235596
1757740043.0824711,765600000,2.9634993076324463
1757740080.2996738,772800000,3.801346778869629
1757740086.6089144,774000000,3.9862358570098877
1757740172.497573,790800000,6.408320426940918
1757740227.0160773,801600000,8.086729049682617
1757740275.2148771,811200000,9.796707153320312
1757740281.2073634,812400000,10.106898307800293
1757740376.8007243,831600000,13.576143264770508
1757740388.661662,834000000,13.939380645751953
1757740547.929146,866400000,17.50602912902832
1757740571.428807,871200000,18.2955265045166
1757740606.6483178,878400000,18.746246337890625
1757740682.657807,894000000,20.126327514648438
1757740799.2160435,918000000,21.956588745117188
1757740863.1512516,931200000,22.902008056640625
1757740868.971855,932400000,23.144229888916016
1757740903.795452,939600000,23.357704162597656
1757740938.6048195,946800000,24.200647354125977
1757741031.140058,966000000,26.815576553344727
1757741036.957399,967200000,26.52858543395996
1757741048.5022457,969600000,26.306066513061523
1757741117.8994908,984000000,27.508953094482422
1757741192.8922079,999600000,28.142147064208984
1757741336.8554053,1029600000,31.055261611938477
1757741388.7271268,1040400000,30.770885467529297
1757741417.6070595,1046400000,31.552709579467773
1757741503.8794808,1064400000,33.17438888549805
1757741567.1462638,1077600000,33.62600326538086
1757741590.0714483,1082400000,33.69981002807617
1757741756.3250158,1117200000,36.24614334106445
1757741767.7799835,1119600000,35.34894561767578
1757741825.1051738,1131600000,36.56905746459961
1757741865.2610207,1140000000,36.878082275390625
1757741945.4890525,1156800000,37.538307189941406
1757742151.3172195,1200000000,39.73068618774414
1757742168.4082685,1203600000,40.09078598022461
1757742179.813262,1206000000,40.73617935180664
1757742244.2229679,1219200000,40.636234283447266
1757742284.2802842,1227600000,40.57809829711914
1757742307.1833959,1232400000,40.3680534362793
1757742318.6497314,1234800000,40.95186233520508
1757742370.1638005,1245600000,42.09851837158203
1757742478.611228,1268400000,43.966434478759766
1757742558.7307115,1285200000,43.66963195800781
1757742564.4285076,1286400000,43.57426452636719
1757742575.8518045,1288800000,43.9188232421875
1757742598.6459715,1293600000,44.107784271240234
1757742651.3149455,1304400000,44.196903228759766
1757742722.504559,1318800000,45.28755569458008
1757742746.0551827,1323600000,45.46835708618164
1757742758.0282872,1326000000,45.34086608886719
1757742775.362538,1329600000,45.65827560424805
1757742786.8802137,1332000000,45.255828857421875
1757742798.4577954,1334400000,46.198020935058594
1757742858.3453047,1346400000,46.943050384521484
1757742881.8686187,1351200000,46.69819641113281
1757742923.2566917,1359600000,46.909854888916016
1757742935.1418853,1362000000,46.94668960571289
1757743007.243281,1376400000,47.268070220947266
1757743036.3554957,1382400000,48.85737228393555
1757743042.170918,1383600000,47.60219955444336
1757743112.6851242,1398000000,47.81819534301758
1757743171.1922138,1410000000,48.83528518676758
1757743182.5011075,1412400000,48.46944046020508
1757743188.1662717,1413600000,48.67600631713867
1757743227.7532003,1422000000,49.468055725097656
1757743278.643282,1432800000,48.84560012817383
1757743284.2993264,1434000000,49.30299758911133
1757743397.1216946,1458000000,49.96686935424805
1757743419.675301,1462800000,50.22952651977539
1757743459.1854873,1471200000,50.876277923583984
1757743577.7295575,1496400000,52.095951080322266
1757743605.911387,1502400000,51.89146423339844
1757743611.5413568,1503600000,52.17317581176758
1757743622.8059564,1506000000,52.33233642578125
1757743639.7486203,1509600000,52.463016510009766
1757743662.3115077,1514400000,52.028961181640625
1757743696.2127593,1521600000,52.732181549072266
1757743718.762782,1526400000,51.965538024902344
1757743746.9484448,1532400000,52.21422576904297
1757743780.7574928,1539600000,52.188819885253906
1757743825.808749,1549200000,51.9974479675293
1757743871.0270119,1558800000,52.448055267333984
1757743916.1163278,1568400000,53.39777755737305
1757743966.8941677,1579200000,53.432769775390625
1757744006.343817,1587600000,53.957088470458984
1757744023.2782028,1591200000,53.843387603759766
1757744028.915157,1592400000,53.731441497802734
1757744136.0818555,1615200000,54.748294830322266
1757744220.4843373,1633200000,54.94783401489258
1757744243.0057735,1638000000,56.16463088989258
1757744304.9070687,1651200000,55.82048034667969
1757744310.5253623,1652400000,56.139835357666016
1757744332.9978895,1657200000,55.9400520324707
1757744541.318673,1701600000,56.355010986328125
1757744659.7547972,1726800000,57.218040466308594
1757744665.4037132,1728000000,56.242244720458984
1757744766.660292,1749600000,57.41482162475586
1757744772.295744,1750800000,57.49643325805664
1757744789.1610482,1754400000,56.74324417114258
1757744862.1690793,1770000000,57.45296096801758
1757744873.4006727,1772400000,57.88202667236328
1757744935.3352547,1785600000,57.309974670410156
1757744952.2201724,1789200000,57.26811218261719
1757744974.7421618,1794000000,58.14392852783203
1757745019.6910045,1803600000,58.22508239746094
1757745058.9994037,1812000000,58.62211608886719
1757745064.6158624,1813200000,58.30669021606445
1757745081.454231,1816800000,57.94224548339844
1757745098.36633,1820400000,57.73495101928711
1757745165.9135346,1834800000,58.69041442871094
1757745222.1566586,1846800000,58.50969314575195
1757745278.421472,1858800000,58.886714935302734
1757745295.2689595,1862400000,59.00893783569336
1757745373.951899,1879200000,59.198097229003906
1757745390.7652793,1882800000,59.65269088745117
1757745418.8923333,1888800000,59.1779670715332
1757745435.768196,1892400000,59.21320724487305
1757745486.4417927,1903200000,59.59922790527344
1757745548.2852182,1916400000,59.70732116699219
1757745576.367042,1922400000,59.81787872314453
1757745587.6274993,1924800000,59.644683837890625
1757745722.2705777,1953600000,59.749263763427734
1757745767.052335,1963200000,60.66196060180664
1757745778.288059,1965600000,60.54334259033203
1757745834.3417125,1977600000,60.30549240112305
1757745873.5741415,1986000000,60.69338607788086
1757745963.2160573,2005200000,60.26841354370117
1757746002.4354796,2013600000,60.70976638793945
1757746013.6270769,2016000000,60.77700424194336
1757746047.1446354,2023200000,61.19879150390625
1757746097.4547267,2034000000,61.5297737121582
1757746142.1192508,2043600000,60.4940071105957
1757746153.4304826,2046000000,60.833919525146484
1757746170.2393386,2049600000,60.967140197753906
1757746187.0157275,2053200000,60.920902252197266
1757746192.6053755,2054400000,61.183311462402344
1757746231.784054,2062800000,61.60536193847656
1757746259.7858355,2068800000,61.46916580200195
1757746298.9589367,2077200000,62.146217346191406
1757746382.9927902,2095200000,61.91604232788086
1757746433.3626847,2106000000,61.83058166503906
1757746550.9170089,2131200000,61.122772216796875
1757746562.1553628,2133600000,61.979209899902344
1757746629.2452788,2148000000,61.69357681274414
1757746646.0384028,2151600000,61.97867965698242
1757746690.8268003,2161200000,61.94846725463867
1757746797.3085015,2184000000,62.37158966064453
1757746953.991392,2217600000,62.79722595214844
1757746976.3483768,2222400000,62.99999237060547
1757747026.7756855,2233200000,62.593563079833984
1757747054.7471986,2239200000,62.98102569580078
1757747065.9222152,2241600000,62.77372360229492
1757747183.4401665,2266800000,63.545921325683594
1757747244.8614597,2280000000,63.98236846923828
1757747261.673789,2283600000,63.88154220581055
1757747295.2804081,2290800000,64.05575561523438
1757747300.8686004,2292000000,63.90277099609375
1757747384.7827673,2310000000,63.25264358520508
1757747390.379075,2311200000,63.3731689453125
1757747451.81049,2324400000,63.54404830932617
1757747474.2021234,2329200000,63.4627571105957
1757747502.2007077,2335200000,63.61101150512695
1757747513.3658857,2337600000,63.71279525756836
1757747586.2084136,2353200000,63.9399528503418
1757747591.7969744,2354400000,63.61784744262695
1757747608.638052,2358000000,63.30222702026367
1757747619.8455372,2360400000,63.16934585571289
1757747681.477346,2373600000,64.6147689819336
1757747692.6714668,2376000000,63.79304885864258
1757747737.3082652,2385600000,64.13101196289062
1757747742.9013255,2386800000,64.10761260986328
1757748201.360924,2485200000,65.05789947509766
1757748251.6943796,2496000000,65.80580139160156
1757748307.6316435,2508000000,65.77131652832031
1757748369.025178,2521200000,65.81967163085938
1757748385.7497597,2524800000,65.7310791015625
1757748419.211987,2532000000,65.74515533447266
1757748447.1060987,2538000000,65.86390686035156
1757748452.711978,2539200000,66.25862121582031
1757748475.0597053,2544000000,65.73739624023438
1757748480.6341174,2545200000,65.840576171875
1757748519.692226,2553600000,66.38522338867188
1757748586.6440887,2568000000,66.10160064697266
1757748753.7747273,2604000000,66.56307983398438
1757748854.1732843,2625600000,66.802978515625
1757748893.148459,2634000000,67.27442169189453
1757748976.711197,2652000000,67.52007293701172
1757749010.1424398,2659200000,67.45610809326172
1757749065.9270833,2671200000,67.56172180175781
1757749127.212292,2684400000,67.56901550292969
1757749143.9042919,2688000000,67.98030090332031
1757749171.7807362,2694000000,67.85423278808594
1757749244.2618873,2709600000,67.8933334350586
1757749377.808698,2738400000,67.69396209716797
1757749511.4691296,2767200000,68.18350982666016
1757749572.634861,2780400000,68.24658966064453
1757749589.2941499,2784000000,68.54856872558594
1757749617.0876827,2790000000,68.41352081298828
1757749661.5209987,2799600000,68.25359344482422
1757749717.1377752,2811600000,69.02540588378906
1757749811.705846,2832000000,69.04630279541016
1757749978.7070663,2868000000,69.20411682128906
1757750001.0654533,2872800000,69.367431640625
1757750006.6357224,2874000000,69.43997955322266
1757750028.9068089,2878800000,69.21839141845703
1757750240.3277938,2924400000,70.22219848632812
1757750268.237457,2930400000,69.9506607055664
1757750340.6319783,2946000000,70.36256408691406
1757750385.2067618,2955600000,70.59101867675781
1757750401.886419,2959200000,70.97161102294922
1757750513.0816994,2983200000,70.79322052001953
1757750557.5278838,2992800000,71.7128677368164
1757750585.3728657,2998800000,71.13996887207031
1757750613.1908963,3004800000,71.11408233642578
1757750691.2496715,3021600000,71.27179718017578
1757750702.3957398,3024000000,71.33033752441406
1757750752.437162,3034800000,71.74374389648438
1757750763.5909388,3037200000,71.29988098144531
1757750808.0827792,3046800000,71.70431518554688
1757750963.9110072,3080400000,71.65738677978516
1757751024.9953892,3093600000,71.7557144165039
1757751030.5490527,3094800000,71.99109649658203
1757751086.0935462,3106800000,72.20878601074219
1757751108.298171,3111600000,71.63876342773438
1757751147.1440122,3120000000,72.10761260986328
1757751186.077914,3128400000,72.42969512939453
1757751258.392697,3144000000,72.75336456298828
1757751302.9068372,3153600000,72.86592102050781
1757751308.4755678,3154800000,72.7848129272461
1757751347.2717838,3163200000,72.73468780517578
1757751369.4786496,3168000000,72.51520538330078
1757751375.0503936,3169200000,72.87836456298828
1757751391.7002792,3172800000,72.24371337890625
1757751497.2894602,3195600000,72.82927703857422
1757751541.7903051,3205200000,72.96044921875
1757751547.3480148,3206400000,72.69762420654297
1757751564.0417747,3210000000,73.08064270019531
1757751603.0518985,3218400000,72.81902313232422
1757751619.703616,3222000000,72.90508270263672
1757751630.8065352,3224400000,73.26170349121094
1757751647.4533517,3228000000,73.00062561035156
1757751669.6425352,3232800000,73.34088897705078
1757751719.4698522,3243600000,73.6331787109375
1757751752.7754395,3250800000,73.50928497314453
1757751780.533603,3256800000,73.79505920410156
1757751802.7376535,3261600000,73.80455780029297
1757751869.390525,3276000000,73.78023529052734
1757751874.9643364,3277200000,74.00045013427734
1757751897.1851125,3282000000,74.0157699584961
1757751924.9335017,3288000000,74.11515045166016
1757751930.49946,3289200000,73.9128646850586
1757751936.0892847,3290400000,74.06748962402344
1757751952.7457154,3294000000,74.37869262695312
1757752002.684013,3304800000,74.33342742919922
1757752008.2254162,3306000000,74.17961883544922
1757752013.8177757,3307200000,74.00745391845703
1757752041.6125982,3313200000,74.20652770996094
1757752069.3288407,3319200000,74.61376953125
1757752085.9655058,3322800000,74.70533752441406
1757752113.9040956,3328800000,74.4773941040039
1757752141.725864,3334800000,74.62167358398438
1757752180.6129177,3343200000,74.70219421386719
1757752330.353334,3375600000,74.6256103515625
1757752452.3875904,3402000000,74.807373046875
1757752474.6595352,3406800000,74.7828369140625
1757752507.957201,3414000000,74.73314666748047
1757752546.878692,3422400000,74.88312530517578
1757752602.294314,3434400000,75.2220230102539
1757752607.8608172,3435600000,75.1779556274414
1757752713.2473445,3458400000,75.27266693115234
1757752768.7308798,3470400000,75.4881820678711
1757752779.8419752,3472800000,75.4557876586914
1757752918.6286664,3502800000,75.42739868164062
1757752935.284664,3506400000,75.60359191894531
1757753007.3796914,3522000000,75.63768768310547
1757753107.376219,3543600000,75.77242279052734
1757753123.9956293,3547200000,75.8969955444336
1757753162.821333,3555600000,75.82620239257812
1757753179.490464,3559200000,75.78337097167969
1757753223.9654558,3568800000,75.9718017578125
1757753296.0813115,3584400000,75.97483825683594
1757753351.6156025,3596400000,75.91563415527344
1757753368.3068714,3600000000,75.87184143066406
1757753384.976314,3603600000,75.95637512207031
1757753479.3853672,3624000000,75.92774200439453
1757753562.8825803,3642000000,75.87992095947266
1757753635.1942003,3657600000,75.910400390625
1757753835.1991842,3700800000,76.39321899414062
1757753840.7524812,3702000000,76.43453979492188
1757753907.366712,3716400000,76.01065063476562
1757753946.233123,3724800000,76.46025848388672
1757753951.774451,3726000000,76.47759246826172
1757753957.3107626,3727200000,76.34638214111328
1757753990.6850388,3734400000,76.48243713378906
1757754012.9190614,3739200000,76.03438568115234
1757754035.1764321,3744000000,76.23138427734375
1757754040.7400978,3745200000,76.32901000976562
1757754046.3093646,3746400000,76.49190521240234
1757754074.1030872,3752400000,76.37993621826172
1757754085.205035,3754800000,76.43499755859375
1757754179.713635,3775200000,76.53883361816406
1757754335.7504635,3808800000,76.29777526855469
1757754363.5643005,3814800000,76.57232666015625
1757754430.2597475,3829200000,76.46089935302734
1757754441.3671029,3831600000,76.19448852539062
1757754480.2741628,3840000000,76.25402069091797
1757754508.0915565,3846000000,76.3725814819336
1757754574.7935386,3860400000,76.35311889648438
1757754580.3525925,3861600000,76.5051040649414
1757754596.9856827,3865200000,76.34928131103516
1757754608.074779,3867600000,76.5534439086914
1757754646.9581184,3876000000,76.4283218383789
1757754713.7034633,3890400000,76.53486633300781
1757754724.8363364,3892800000,76.55789947509766
1757754847.0810084,3919200000,76.49384307861328
1757754863.772412,3922800000,76.54972076416016
1757755030.7419498,3958800000,76.48255920410156
1757755075.2904704,3968400000,76.69497680664062
1757755264.6448615,4009200000,76.70594024658203
1757755353.5394948,4028400000,76.77630615234375
1757755403.6459193,4039200000,76.63641357421875
1757755442.5683312,4047600000,76.56575012207031
1757755453.674854,4050000000,76.91668701171875
1757755470.3541481,4053600000,76.71710968017578
1757755481.4896348,4056000000,76.7542724609375
1757755509.3124905,4062000000,76.57643127441406
1757755514.873062,4063200000,76.7155532836914
1757755559.35501,4072800000,76.6932373046875
1757755620.49551,4086000000,76.87886810302734
1757755698.2769263,4102800000,76.73240661621094
1757755720.4816213,4107600000,76.83914184570312
1757755742.6952887,4112400000,76.71356964111328
1757755787.1458337,4122000000,76.6309814453125
1757755814.9579487,4128000000,76.7935791015625
1757755937.1381996,4154400000,76.54072570800781
1757755976.0372415,4162800000,76.80963134765625
1757756053.7953894,4179600000,77.02257537841797
1757756059.3676977,4180800000,76.88280487060547
1757756064.9341168,4182000000,76.87686157226562
1757756070.4929652,4183200000,76.87547302246094
1757756103.820194,4190400000,76.83919525146484
1757756114.936443,4192800000,76.72116088867188
1757756153.8052132,4201200000,76.83863830566406
1757756170.4901848,4204800000,76.7574691772461
1757756231.7059004,4218000000,76.94073486328125
1757756298.406969,4232400000,77.00511932373047
1757756398.533581,4254000000,77.23371124267578
1757756431.97954,4261200000,76.86735534667969
1757756476.4585629,4270800000,76.9966049194336
1757756520.9970725,4280400000,76.86064147949219
1757756537.6792958,4284000000,76.896484375
1757756576.547265,4292400000,77.05785369873047
1757756637.6892347,4305600000,77.08306884765625
1757756643.250147,4306800000,77.18254089355469
1757756709.9086332,4321200000,77.20956420898438
1757756782.132734,4336800000,77.08406829833984
1757756787.7001266,4338000000,77.18592071533203
1757756793.265592,4339200000,77.07395935058594
1757756798.8292778,4340400000,77.23717498779297
1757756876.5568814,4357200000,77.01351928710938
1757757009.8671408,4386000000,77.1070556640625
1757757026.5172958,4389600000,77.12387084960938
1757757037.6516774,4392000000,77.3193588256836
1757757048.7333405,4394400000,77.2209701538086
1757757065.373953,4398000000,77.11322784423828
1757757087.5316322,4402800000,77.13493347167969
1757757104.187344,4406400000,77.26508331298828
1757757109.7430441,4407600000,77.1421890258789
1757757209.852174,4429200000,77.065673828125
1757757265.574757,4441200000,77.356201171875
1757757332.2988198,4455600000,77.3095703125
1757757360.1237817,4461600000,77.36148834228516
1757757443.5653253,4479600000,77.35875701904297
1757757515.8666542,4495200000,77.1977310180664
1757757521.4076345,4496400000,77.21713256835938
1757757532.5408564,4498800000,76.94595336914062
1757757538.1262293,4500000000,77.07933807373047
1757757554.855829,4503600000,77.20903015136719
1757757560.3958464,4504800000,77.38742065429688
1757757565.9571714,4506000000,77.3131332397461
1757757604.9613214,4514400000,77.25758361816406
1757757616.061339,4516800000,77.24755859375
1757757710.6579669,4537200000,77.49351501464844
1757757721.7354236,4539600000,77.42169189453125
1757757727.2830036,4540800000,77.43338012695312
1757757749.5124488,4545600000,77.43777465820312
1757757766.1956208,4549200000,77.38337707519531
1757757894.1178691,4576800000,77.49481964111328
1757757949.6919265,4588800000,77.43002319335938
1757758088.6234357,4618800000,77.70515441894531
1757758099.7299228,4621200000,77.47270202636719
1757758155.4120235,4633200000,77.69608306884766
1757758205.4815507,4644000000,77.51777648925781
1757758222.172693,4647600000,77.73665618896484
1757758388.971393,4683600000,77.56510925292969
1757758439.0349822,4694400000,77.60936737060547
1757758461.2660532,4699200000,77.53365325927734
1757758494.6076071,4706400000,77.84386444091797
1757758550.2231166,4718400000,77.60150909423828
1757758561.3059838,4720800000,77.64533996582031
1757758577.9856622,4724400000,77.49325561523438
1757758672.6210465,4744800000,77.57716369628906
1757758694.8619752,4749600000,77.73627471923828
1757758744.944367,4760400000,77.6323013305664
1757758795.1010866,4771200000,77.58972930908203
1757758828.4931169,4778400000,77.65665435791016
1757758856.3301942,4784400000,77.70105743408203
1757758978.7999911,4810800000,77.51271057128906
1757759001.0700285,4815600000,77.3979263305664
1757759012.2060473,4818000000,77.61094665527344
1757759062.2673225,4828800000,77.62055206298828
1757759090.0615594,4834800000,77.65377044677734
1757759123.449765,4842000000,77.81061553955078
1757759156.7983413,4849200000,77.60469818115234
1757759195.7787313,4857600000,77.66986846923828
1757759401.881384,4902000000,77.68528747558594
1757759446.462181,4911600000,77.41073608398438
1757759541.3715358,4932000000,77.41088104248047
1757759574.8671227,4939200000,77.48641967773438
1757759608.346522,4946400000,77.54446411132812
1757759625.0884416,4950000000,77.71693420410156
1757759747.9449055,4976400000,77.6105728149414
1757759803.6825936,4988400000,77.72158813476562
1757759865.0108926,5001600000,77.81629943847656
1757759920.8147137,5013600000,77.6655502319336
1757759926.4050093,5014800000,77.80792236328125
1757759943.1853359,5018400000,77.75287628173828
1757760004.528836,5031600000,77.58007049560547
1757760088.1257353,5049600000,77.78598022460938
1757760166.2471595,5066400000,77.8399429321289
1757760199.746484,5073600000,77.74842071533203
1757760210.879653,5076000000,77.90345001220703
1757760250.0295763,5084400000,77.98297119140625
1757760305.9398017,5096400000,77.97842407226562
1757760322.6558797,5100000000,77.6320571899414
1757760339.3752015,5103600000,77.81287384033203
1757760344.9549232,5104800000,77.90845489501953
1757760367.23876,5109600000,77.90531921386719
1757760495.6920273,5137200000,77.82888793945312
1757760501.2649994,5138400000,77.55858612060547
1757760596.156494,5158800000,77.8813705444336
1757760707.9487174,5182800000,77.70610046386719
1757760735.894694,5188800000,77.83468627929688
1757760763.7597845,5194800000,77.83941650390625
1757760797.274729,5202000000,77.99620056152344
1757761032.0827146,5252400000,78.05261993408203
1757761048.8266923,5256000000,77.96277618408203
1757761138.424572,5275200000,78.0870361328125
1757761183.194221,5284800000,78.13582611083984
1757761205.5622272,5289600000,78.10382080078125
1757761222.3572676,5293200000,78.1596908569336
1757761289.4164562,5307600000,77.91087341308594
1757761300.6206622,5310000000,77.87850952148438
1757761362.0269253,5323200000,77.88584899902344
1757761406.7536495,5332800000,77.85064697265625
1757761468.3204613,5346000000,77.8294906616211
1757761535.42078,5360400000,78.03974151611328
1757761664.064318,5388000000,78.1024169921875
1757761697.6127715,5395200000,78.16027069091797
1757761719.961601,5400000000,78.04210662841797
1757761803.87747,5418000000,77.71968078613281
1757761837.4192476,5425200000,78.01277160644531
1757761854.181545,5428800000,78.0829086303711
1757761865.4320579,5431200000,78.10517120361328
1757761921.6387212,5443200000,78.115234375
1757761944.1699793,5448000000,78.02371978759766
1757761966.564782,5452800000,78.29692840576172
1757761972.1777813,5454000000,78.2281265258789
1757762073.1319957,5475600000,78.23146057128906
1757762084.3720863,5478000000,78.0586166381836
1757762106.8065197,5482800000,77.99998474121094
1757762140.4416761,5490000000,78.23822021484375
1757762185.2720978,5499600000,77.98625946044922
1757762241.3070264,5511600000,78.03343200683594
1757762319.6928422,5528400000,78.10252380371094
1757762336.4884176,5532000000,77.95906066894531
1757762353.3038266,5535600000,78.00816345214844
1757762560.7245119,5580000000,78.17340850830078
1757762588.7346315,5586000000,78.15892791748047
1757762611.1633437,5590800000,78.22540283203125
1757762616.7899919,5592000000,78.27517700195312
1757762633.5837803,5595600000,78.30824279785156
1757762661.6287959,5601600000,78.27182006835938
1757762723.2307289,5614800000,78.43010711669922
1757762768.1263237,5624400000,78.424560546875
1757762790.5490692,5629200000,78.4189453125
1757762801.7684338,5631600000,78.35084533691406
1757762835.4107416,5638800000,78.28245544433594
1757762880.243289,5648400000,78.41118621826172
1757762885.8943863,5649600000,78.50849151611328
1757762919.5902648,5656800000,78.47639465332031
1757762936.4385672,5660400000,78.25083923339844
1757763015.0121415,5677200000,78.34854125976562
1757763054.3865564,5685600000,78.33502960205078
1757763177.843385,5712000000,78.23999786376953
1757763217.1610394,5720400000,78.25325775146484
1757763250.8365996,5727600000,78.15402221679688
1757763273.2546456,5732400000,78.23888397216797
1757763278.8646147,5733600000,78.22187805175781
1757763351.7214322,5749200000,78.26317596435547
1757763430.2786882,5766000000,78.46695709228516
1757763447.1528347,5769600000,78.44757843017578
1757763463.9827127,5773200000,78.51637268066406
1757763475.1887093,5775600000,78.42373657226562
1757763486.410335,5778000000,78.34913635253906
1757763576.26021,5797200000,78.33081817626953
1757763587.465408,5799600000,78.2237548828125
1757763598.6415942,5802000000,78.3122787475586
1757763604.2416954,5803200000,78.5408706665039
1757763609.8424208,5804400000,78.52064514160156
1757763649.1281257,5812800000,78.49784851074219
1757763654.721308,5814000000,78.39785766601562
1757763755.7799582,5835600000,78.34285736083984
1757763867.752697,5859600000,78.34317016601562
1757763940.7184687,5875200000,78.611083984375
1757764013.5975325,5890800000,78.44356536865234
1757764024.889804,5893200000,78.27326965332031
1757764131.670633,5916000000,78.50395202636719
1757764154.1803482,5920800000,78.46646118164062
1757764193.475081,5929200000,78.4902572631836
1757764215.9498668,5934000000,78.43461608886719
1757764244.079523,5940000000,78.41354370117188
1757764418.377443,5977200000,78.61170959472656
1757764474.5070148,5989200000,78.5090103149414
1757764480.131228,5990400000,78.54115295410156
1757764659.8134832,6028800000,78.77010345458984
1757764794.741099,6057600000,77.78190612792969
1757764862.0297625,6072000000,78.25697326660156
1757764873.3063583,6074400000,78.23345184326172
1757764901.451387,6080400000,78.40733337402344
1757764974.6355236,6096000000,78.31929779052734
1757764980.2620053,6097200000,78.38746643066406
1757765025.2788181,6106800000,78.26683807373047
1757765036.5136433,6109200000,78.26988983154297
1757765064.7515337,6115200000,78.44345092773438
1757765272.8998375,6159600000,78.50958251953125
1757765295.3910282,6164400000,78.75103759765625
1757765317.9417267,6169200000,78.53125
1757765357.3046787,6177600000,78.53894805908203
1757765379.861137,6182400000,78.71095275878906
1757765385.526854,6183600000,78.61974334716797
1757765396.736885,6186000000,78.63279724121094
1757765402.353987,6187200000,78.58143615722656
1757765469.8450832,6201600000,78.49757385253906
1757765582.3831356,6225600000,78.23028564453125
1757765644.385209,6238800000,78.6541519165039
1757765655.648127,6241200000,78.66874694824219
1757765683.8292086,6247200000,78.40094757080078
1757765695.0757933,6249600000,78.67118835449219
1757765723.240937,6255600000,78.7135009765625
1757765756.9472857,6262800000,78.64559936523438
1757765796.3099103,6271200000,78.55709838867188
1757765869.4259968,6286800000,78.65027618408203
1757765953.985829,6304800000,78.74557495117188
1757765959.6204526,6306000000,78.75570678710938
1757765982.138328,6310800000,78.71477508544922
1757766004.6173918,6315600000,78.7593765258789
1757766021.525007,6319200000,78.79830932617188
1757766139.6328626,6344400000,78.82577514648438
1757766190.2202504,6355200000,78.80517578125
1757766201.554105,6357600000,78.79434204101562
1757766319.4225576,6382800000,78.708984375
1757766325.0385213,6384000000,78.73970794677734
1757766341.949025,6387600000,78.62210845947266
1757766353.181546,6390000000,78.73310089111328
1757766375.685652,6394800000,78.75823211669922
1757766381.2889755,6396000000,78.92853546142578
1757766409.3848057,6402000000,78.97144317626953
1757766566.7797143,6435600000,79.06221008300781
1757766600.521787,6442800000,78.83788299560547
1757766611.7801893,6445200000,78.83350372314453
1757766741.0680392,6472800000,78.51871490478516
1757766791.6997604,6483600000,78.50413513183594
1757766797.3535252,6484800000,78.53866577148438
1757766876.166135,6501600000,78.7006607055664
1757766915.7060454,6510000000,78.80331420898438
1757766938.229325,6514800000,78.80609130859375
1757767033.8323386,6535200000,78.92829895019531
1757767073.1537101,6543600000,78.97474670410156
1757767084.5032651,6546000000,79.0584945678711
1757767101.408272,6549600000,78.76751708984375
1757767112.6715813,6552000000,78.92605590820312
1757767320.8765,6596400000,78.9595718383789
1757767365.8888197,6606000000,79.03677368164062
1757767394.043321,6612000000,78.9192123413086
1757767399.6740816,6613200000,79.09192657470703
1757767439.09119,6621600000,79.00382232666016
1757767461.6494129,6626400000,79.01653289794922
1757767472.9317248,6628800000,78.939697265625
1757767596.646314,6655200000,78.89746856689453
1757767636.0811841,6663600000,79.13201141357422
1757767720.3646736,6681600000,79.08695983886719
1757767787.7549117,6696000000,79.13719940185547
1757767928.5424228,6726000000,78.94129180908203
1757768148.0212207,6772800000,79.02986907958984
1757768204.2912066,6784800000,78.90326690673828
1757768283.3860583,6801600000,79.17768859863281
1757768396.121997,6825600000,79.26300048828125
1757768503.2014983,6848400000,79.24980163574219
1757768542.579141,6856800000,79.19100952148438
1757768559.4439886,6860400000,79.14378356933594
1757768598.8496401,6868800000,79.27778625488281
1757768638.259096,6877200000,78.51172637939453
1757768655.2217605,6880800000,78.43172454833984
1757768694.8034298,6889200000,79.05351257324219
1757768751.137831,6901200000,78.96631622314453
1757768762.427115,6903600000,79.16624450683594
1757768779.3627687,6907200000,79.0860824584961
1757768785.0206144,6908400000,79.09329986572266
1757768790.6653621,6909600000,79.10499572753906
1757768796.3290007,6910800000,79.13549041748047
1757768835.80548,6919200000,79.09587097167969
1757768875.2248003,6927600000,79.29606628417969
1757768925.89845,6938400000,79.24937438964844
1757768971.0097315,6948000000,79.27714538574219
1757769213.227822,6999600000,78.98979187011719
1757769308.7992923,7020000000,79.07098388671875
1757769404.5815144,7040400000,79.05593872070312
1757769477.8074126,7056000000,79.15814208984375
1757769483.4337347,7057200000,79.0910415649414
1757769494.707457,7059600000,79.04814910888672
1757769714.0357358,7106400000,78.91056823730469
1757769865.9934795,7138800000,79.36907196044922
1757769894.2253954,7144800000,77.73268127441406
1757769911.2137072,7148400000,77.47512817382812
1757769956.3284633,7158000000,79.0405044555664
1757769990.3463075,7165200000,79.11553955078125
1757770052.582787,7178400000,79.33653259277344
1757770103.2618787,7189200000,79.44719696044922
1757770142.6475534,7197600000,79.41602325439453
1757770176.5678082,7204800000,79.26878356933594
1757770210.3347974,7212000000,79.00064849853516
1757770215.9584281,7213200000,78.86607360839844
1757770407.7498152,7254000000,79.46915435791016
1757770413.3825877,7255200000,79.25674438476562
1757770458.402719,7264800000,79.25177764892578
1757770588.017404,7292400000,79.4457778930664
1757770599.32345,7294800000,79.44738006591797
1757770604.927789,7296000000,79.53578186035156
1757770666.8982687,7309200000,79.33551025390625
1757770683.7797043,7312800000,79.48155212402344
1757770762.8280282,7329600000,79.6599349975586
1757770785.367546,7334400000,79.40798950195312
1757770796.6460524,7336800000,79.40186309814453
1757770909.684411,7360800000,79.43309020996094
1757770937.9792547,7366800000,79.53787994384766
1757770949.298848,7369200000,79.4096908569336
1757770960.6153677,7371600000,79.43306732177734
1757771107.5827487,7402800000,79.75243377685547
1757771271.410865,7437600000,79.5094985961914
1757771316.5797415,7447200000,79.692626953125
1757771350.460958,7454400000,78.6458969116211
1757771406.7375805,7466400000,79.43242645263672
1757771429.3144674,7471200000,79.34872436523438
1757771451.822241,7476000000,79.5904769897461
1757771474.3789337,7480800000,79.72676086425781
1757771491.3042524,7484400000,79.60575866699219
1757771530.7245803,7492800000,79.48934936523438
1757771575.7533383,7502400000,79.46855163574219
1757771733.7217717,7536000000,79.57401275634766
1757771744.9880242,7538400000,79.67076110839844
1757771784.3386915,7546800000,79.62761688232422
1757771829.399721,7556400000,79.58541870117188
1757771835.0398145,7557600000,79.49797821044922
1757771851.9038868,7561200000,79.58895874023438
1757771930.7686882,7578000000,79.64517974853516
1757772009.6801908,7594800000,79.50654602050781
1757772032.234152,7599600000,79.58112335205078
1757772037.868342,7600800000,79.50545501708984
1757772043.4914277,7602000000,79.41511535644531
1757772116.7485254,7617600000,79.39616394042969
1757772178.7426727,7630800000,79.50040435791016
1757772184.4898999,7632000000,79.47227478027344
1757772212.7544417,7638000000,79.49801635742188
1757772224.0796092,7640400000,79.50493621826172
1757772241.0008745,7644000000,79.62689208984375
1757772303.1601481,7657200000,79.4735336303711
1757772449.9638824,7688400000,79.62068176269531
1757772551.6152902,7710000000,79.82461547851562
1757772653.2471213,7731600000,78.50485229492188
1757772658.9013698,7732800000,79.08972930908203
1757772692.7865639,7740000000,79.38875579833984
1757772749.129247,7752000000,79.5765151977539
1757772828.0453148,7768800000,79.7786636352539
1757772929.779143,7790400000,79.72247314453125
1757772946.6749494,7794000000,79.7609634399414
1757772952.3188202,7795200000,79.71897888183594
1757773104.9103746,7827600000,79.54963684082031
1757773138.7131267,7834800000,79.6954574584961
1757773155.656266,7838400000,79.68221282958984
1757773206.4541085,7849200000,79.74030303955078
1757773240.3251026,7856400000,79.76342010498047
1757773268.5349102,7862400000,79.65376281738281
1757773274.1757302,7863600000,79.6156005859375
1757773279.811711,7864800000,79.82708740234375
1757773341.870874,7878000000,79.57843017578125
1757773358.8908582,7881600000,79.6789779663086
1757773370.1991944,7884000000,79.60316467285156
1757773460.5658288,7903200000,79.73614501953125
1757773488.81924,7909200000,79.73950958251953
1757773517.1536129,7915200000,79.88491821289062
1757773539.7325404,7920000000,79.49918365478516
1757773630.2200942,7939200000,79.96170806884766
1757773635.9088664,7940400000,79.90151977539062
1757773709.6020427,7956000000,79.9397201538086
1757773823.2920816,7980000000,79.98802947998047
1757773891.770646,7994400000,79.95162200927734
1757773959.966055,8008800000,80.0301284790039
1757774096.5590215,8037600000,79.8748550415039
1757774158.6583767,8050800000,79.98251342773438
1757774198.1880019,8059200000,79.83564758300781
1757774226.5005808,8065200000,79.8058090209961
1757774237.8000295,8067600000,79.77119445800781
1757774249.1244602,8070000000,79.94879150390625
1757774283.0473106,8077200000,80.0187759399414
1757774305.7675707,8082000000,78.28096008300781
1757774396.1676068,8101200000,79.73870849609375
1757774458.4044647,8114400000,79.6939697265625
1757774469.7076485,8116800000,79.92402648925781
1757774543.1842463,8132400000,79.98074340820312
1757774560.1495545,8136000000,79.92598724365234
1757774594.1155474,8143200000,79.99006652832031
1757774690.2702959,8163600000,79.95388793945312
1757774712.8349767,8168400000,80.04566955566406
1757774797.4456823,8186400000,80.10360717773438
1757774853.963617,8198400000,79.99066162109375
1757774870.9402065,8202000000,80.1192626953125
1757774887.8631341,8205600000,79.94027709960938
1757774916.0961661,8211600000,80.05390930175781
1757774927.427655,8214000000,79.79467010498047
1757774961.3165019,8221200000,79.81318664550781
1757775012.0635326,8232000000,80.09786224365234
1757775051.5798767,8240400000,80.0392837524414
1757775074.1290681,8245200000,80.16082763671875
1757775102.3334546,8251200000,80.0811538696289
1757775198.4313369,8271600000,79.59785461425781
1757775322.7023728,8298000000,79.94939422607422
1757775333.9807954,8300400000,79.90512084960938
1757775350.9095619,8304000000,79.9433364868164
1757775413.0361495,8317200000,79.92042541503906
1757775452.6134577,8325600000,80.07628631591797
1757775576.899306,8352000000,80.14722442626953
1757775667.1678455,8371200000,80.15242767333984
1757775701.0140114,8378400000,80.18280792236328
1757775757.4976285,8390400000,80.16561126708984
1757775785.7283306,8396400000,80.27379608154297
1757775797.0270545,8398800000,80.2007064819336
1757775814.023218,8402400000,80.0855712890625
1757775876.2549179,8415600000,80.14810180664062
1757775910.1591833,8422800000,80.21285247802734
1757775966.6571734,8434800000,80.09801483154297
1757775972.327134,8436000000,80.195068359375
1757775983.660299,8438400000,80.09972381591797
1757776057.0440335,8454000000,80.16354370117188
1757776096.581592,8462400000,80.14575958251953
1757776107.90843,8464800000,80.15632629394531
1757776113.5668933,8466000000,80.18562316894531
1757776260.9197323,8497200000,80.09555053710938
1757776300.680883,8505600000,80.20772552490234
1757776431.3936005,8533200000,79.89240264892578
1757776471.2580674,8541600000,80.14549255371094
1757776488.2774365,8545200000,80.25757598876953
1757776522.2154922,8552400000,80.17337799072266
1757776737.0584862,8598000000,80.16898345947266
1757776810.65949,8613600000,80.1991195678711
1757776816.314572,8614800000,80.10945129394531
1757776827.625867,8617200000,80.2743911743164
1757776861.6409633,8624400000,80.37268829345703
1757776878.5598657,8628000000,80.32950592041016
1757776980.6542885,8649600000,80.36561584472656
1757777025.9884372,8659200000,80.35781860351562
1757777082.6943967,8671200000,80.2630386352539
1757777218.2719686,8700000000,80.40571594238281
1757777240.8692882,8704800000,80.40312957763672
1757777286.2443233,8714400000,80.3405532836914
1757777308.8995159,8719200000,80.04119110107422
1757777359.7803373,8730000000,80.30107116699219
1757777467.222844,8752800000,80.10502624511719
1757777518.17805,8763600000,80.13818359375
1757777552.139293,8770800000,80.42034912109375
1757777670.7925727,8796000000,80.29338073730469
1757777699.0379362,8802000000,80.25674438476562
1757777721.6502776,8806800000,80.47793579101562
1757777732.9824448,8809200000,80.3361587524414
1757777806.3797805,8824800000,80.2250747680664
1757777817.694912,8827200000,80.29049682617188
1757777834.6502283,8830800000,80.605712890625
1757777862.9969902,8836800000,80.39605712890625
1757777885.7375689,8841600000,80.23880004882812
1757777942.6058223,8853600000,80.38284301757812
1757777987.9342127,8863200000,80.38975524902344
1757778170.355961,8901600000,80.47795104980469
1757778210.2217972,8910000000,80.35086822509766
1757778272.5493226,8923200000,80.37154388427734
1757778278.2106376,8924400000,80.41783905029297
1757778295.2242386,8928000000,80.45303344726562
1757778312.2750413,8931600000,80.4464340209961
1757778413.849225,8953200000,80.65888977050781
1757778436.3165033,8958000000,80.40534973144531
1757778458.7413583,8962800000,80.6016616821289
1757778469.9555304,8965200000,80.42810821533203
1757778537.546617,8979600000,80.4736328125
1757778639.0696232,9001200000,80.49166870117188
1757778672.9053252,9008400000,80.50104522705078
1757778712.3871064,9016800000,80.41393280029297
1757778740.6271656,9022800000,80.5486068725586
1757778785.8693628,9032400000,80.41337585449219
1757778819.8144736,9039600000,80.41583251953125
1757778881.907383,9052800000,80.44914245605469
1757778927.0400214,9062400000,80.48218536376953
1757778938.3145316,9064800000,80.51699829101562
1757778955.205633,9068400000,80.40850067138672
1757778972.143967,9072000000,80.51904296875
1757779005.9768095,9079200000,80.44538116455078
1757779073.6645408,9093600000,80.57353210449219
1757779124.5299976,9104400000,80.54169464111328
1757779164.115044,9112800000,80.43317413330078
1757779203.6329887,9121200000,80.40415954589844
1757779214.9453053,9123600000,80.53437805175781
1757779226.2224934,9126000000,80.50180053710938
1757779243.155436,9129600000,80.50623321533203
1757779254.4468715,9132000000,80.49376678466797
1757779418.497859,9166800000,80.45486450195312
1757779424.1367066,9168000000,80.64900207519531
1757779452.3362575,9174000000,80.57365417480469
1757779457.9826372,9175200000,80.5918197631836
1757779531.542197,9190800000,80.35399627685547
1757779542.866176,9193200000,80.53314971923828
1757779548.5161438,9194400000,80.62358856201172
1757779684.03603,9223200000,80.67033386230469
1757779887.331959,9266400000,80.62675476074219
1757779921.1511657,9273600000,80.75801086425781
1757779926.787006,9274800000,80.52667236328125
1757779938.0803204,9277200000,80.50297546386719
1757780084.9197488,9308400000,80.5959243774414
1757780090.5873764,9309600000,80.47577667236328
1757780101.902816,9312000000,80.58476257324219
1757780107.5764337,9313200000,80.68093872070312
1757780113.2280312,9314400000,80.64131164550781
1757780130.264069,9318000000,80.6999282836914
1757780209.2863564,9334800000,79.95449829101562
1757780248.6945465,9343200000,80.28545379638672
1757780299.474741,9354000000,79.84270477294922
1757780305.1220663,9355200000,79.96714782714844
1757780384.0203526,9372000000,80.25933074951172
1757780451.7788725,9386400000,80.21296691894531
1757780547.8051333,9406800000,80.2686996459961
1757780570.4035833,9411600000,80.38561248779297
1757780615.6228755,9421200000,80.41441345214844
1757780643.82814,9427200000,80.3930892944336
1757780649.4859872,9428400000,80.55712127685547
1757780683.4100184,9435600000,80.2693099975586
1757780717.38275,9442800000,80.4513931274414
1757780796.575645,9459600000,80.505126953125
1757780870.3064995,9475200000,80.12995910644531
1757780904.3532522,9482400000,80.17200469970703
1757780977.987351,9498000000,80.41911315917969
1757780989.3422732,9500400000,80.40660858154297
1757780995.0547075,9501600000,80.29866027832031
1757781029.1260777,9508800000,80.41217803955078
1757781046.0962288,9512400000,80.29146575927734
1757781057.3853452,9514800000,80.4974365234375
1757781063.0578036,9516000000,80.38871765136719
1757781102.6770537,9524400000,80.47258758544922
1757781232.757431,9552000000,80.39624786376953
1757781385.3829346,9584400000,80.59527587890625
1757781425.0014577,9592800000,80.57608032226562
1757781572.0342174,9624000000,80.5600357055664
1757781611.7009785,9632400000,80.67472076416016
1757781628.6178517,9636000000,80.47783660888672
1757781634.271334,9637200000,80.4078140258789
1757781645.617388,9639600000,79.87621307373047
1757781724.7454941,9656400000,80.36183166503906
1757781770.0481458,9666000000,80.6696548461914
1757781809.5959947,9674400000,80.67698669433594
1757781832.1664202,9679200000,80.63492584228516
1757781900.114598,9693600000,80.59120178222656
1757781905.7650356,9694800000,80.50154113769531
1757781945.3823102,9703200000,80.34931182861328
1757782007.5916936,9716400000,80.48583984375
1757782035.8875675,9722400000,80.40383911132812
1757782154.5092974,9747600000,80.40644836425781
1757782199.6994708,9757200000,80.57779693603516
1757782267.4247522,9771600000,80.66677856445312
1757782278.732513,9774000000,80.6334228515625
1757782307.0010152,9780000000,80.58853912353516
1757782386.3027916,9796800000,80.57743835449219
1757782391.9851487,9798000000,80.4608154296875
1757782403.3096094,9800400000,80.5492935180664
1757782471.0755458,9814800000,80.58326721191406
1757782505.0407012,9822000000,80.73612976074219
1757782510.6917946,9823200000,80.69407653808594
1757782550.262639,9831600000,80.64412689208984
1757782555.913477,9832800000,80.60462188720703
1757782595.4510815,9841200000,80.92974090576172
1757782601.0978096,9842400000,80.70735931396484
1757782623.7432668,9847200000,80.3729248046875
1757782686.0212772,9860400000,80.69851684570312
1757782691.678589,9861600000,80.82221984863281
1757782759.5019271,9876000000,80.84807586669922
1757782765.1642058,9877200000,80.68086242675781
1757782906.687433,9907200000,80.63987731933594
1757783031.3032382,9933600000,80.64718627929688
1757783065.3440156,9940800000,80.57137298583984
1757783082.3265822,9944400000,80.54163360595703
1757783087.9983878,9945600000,80.67086791992188
1757783110.625349,9950400000,80.80032348632812
1757783138.8528628,9956400000,80.81035614013672
1757783167.1159215,9962400000,80.80239868164062
1757783342.5944123,9999600000,80.80463409423828
